{"cameraMode":{"drawMode":0,"name":"Shaded","section":"Shading Mode"},"sceneLighting":true,"audioPlay":false,"sceneViewState":{"showFog":true,"showMaterialUpdate":false,"showSkybox":true,"showFlares":true,"showImageEffects":true,"showParticleSystems":true,"showVisualEffectGraphs":true,"m_FxEnabled":true},"in2DMode":false,"pivot":{"x":-1.0848435163497925,"y":1.277237892150879,"z":0.28495803475379946},"rotation":{"x":0.0013146006967872382,"y":-0.6881999969482422,"z":0.0012435466051101685,"w":0.725521445274353},"size":1.4660255908966065,"orthographic":false}