{"cameraMode":{"drawMode":0,"name":"Shaded","section":"Shading Mode"},"sceneLighting":false,"audioPlay":false,"sceneViewState":{"showFog":true,"showMaterialUpdate":false,"showSkybox":false,"showFlares":true,"showImageEffects":true,"showParticleSystems":true,"showVisualEffectGraphs":true,"m_FxEnabled":true},"in2DMode":false,"pivot":{"x":0.04843861609697342,"y":-0.007810816168785095,"z":0.011944262310862542},"rotation":{"x":-0.32039859890937807,"y":0.6687283515930176,"z":-0.5422258973121643,"w":-0.39514967799186709},"size":0.11578136682510376,"orthographic":false}