{"cameraMode":{"drawMode":0,"name":"Shaded","section":"Shading Mode"},"sceneLighting":false,"audioPlay":false,"sceneViewState":{"showFog":true,"showMaterialUpdate":false,"showSkybox":false,"showFlares":true,"showImageEffects":true,"showParticleSystems":true,"showVisualEffectGraphs":true,"m_FxEnabled":true},"in2DMode":false,"pivot":{"x":21.335800170898439,"y":13.442668914794922,"z":-13.489227294921875},"rotation":{"x":-0.051873769611120227,"y":0.7248906493186951,"z":0.05490122362971306,"w":0.6847410202026367},"size":44.052398681640628,"orthographic":false}