{"cameraMode":{"drawMode":0,"name":"Shaded","section":"Shading Mode"},"sceneLighting":false,"audioPlay":false,"sceneViewState":{"showFog":true,"showMaterialUpdate":false,"showSkybox":false,"showFlares":true,"showImageEffects":true,"showParticleSystems":true,"showVisualEffectGraphs":true,"m_FxEnabled":true},"in2DMode":false,"pivot":{"x":0.025579694658517839,"y":-0.001024089753627777,"z":0.15938574075698853},"rotation":{"x":0.49830251932144167,"y":-0.49831339716911318,"z":-0.5410692095756531,"w":-0.45894768834114077},"size":0.2263260781764984,"orthographic":true}