{"cameraMode":{"drawMode":0,"name":"Shaded","section":"Shading Mode"},"sceneLighting":false,"audioPlay":false,"sceneViewState":{"showFog":true,"showMaterialUpdate":false,"showSkybox":false,"showFlares":true,"showImageEffects":true,"showParticleSystems":true,"showVisualEffectGraphs":true,"m_FxEnabled":true},"in2DMode":false,"pivot":{"x":0.01591997966170311,"y":0.23829102516174317,"z":0.2390214502811432},"rotation":{"x":0.3040347993373871,"y":0.45406848192214968,"z":-0.16827234625816346,"w":0.8204091787338257},"size":0.827126681804657,"orthographic":false}