{"cameraMode":{"drawMode":0,"name":"Shaded","section":"Shading Mode"},"sceneLighting":false,"audioPlay":false,"sceneViewState":{"showFog":true,"showMaterialUpdate":false,"showSkybox":false,"showFlares":true,"showImageEffects":true,"showParticleSystems":true,"showVisualEffectGraphs":true,"m_FxEnabled":true},"in2DMode":false,"pivot":{"x":0.025672119110822679,"y":0.0036753304302692415,"z":0.1312539279460907},"rotation":{"x":-0.011975596658885479,"y":-0.746532142162323,"z":0.013436926528811455,"w":-0.6651135087013245},"size":0.20996175706386567,"orthographic":true}