{"cameraMode":{"drawMode":0,"name":"Shaded","section":"Shading Mode"},"sceneLighting":false,"audioPlay":false,"sceneViewState":{"showFog":true,"showMaterialUpdate":false,"showSkybox":false,"showFlares":true,"showImageEffects":true,"showParticleSystems":true,"showVisualEffectGraphs":true,"m_FxEnabled":true},"in2DMode":false,"pivot":{"x":5.438759803771973,"y":21.853710174560548,"z":-15.473217964172364},"rotation":{"x":0.0021559931337833406,"y":0.9899174571037293,"z":-0.015156595967710019,"w":0.14081457257270814},"size":11.969528198242188,"orthographic":false}