{"cameraMode":{"drawMode":0,"name":"Shaded","section":"Shading Mode"},"sceneLighting":false,"audioPlay":false,"sceneViewState":{"showFog":true,"showMaterialUpdate":false,"showSkybox":false,"showFlares":true,"showImageEffects":true,"showParticleSystems":true,"showVisualEffectGraphs":true,"m_FxEnabled":true},"in2DMode":false,"pivot":{"x":-0.08637993037700653,"y":0.2386244237422943,"z":-0.08876612782478333},"rotation":{"x":0.0005668798694387078,"y":0.999342143535614,"z":0.031489547342061999,"w":-0.017990097403526307},"size":0.32165876030921938,"orthographic":true}