{"cameraMode":{"drawMode":0,"name":"Shaded","section":"Shading Mode"},"sceneLighting":false,"audioPlay":false,"sceneViewState":{"showFog":true,"showMaterialUpdate":false,"showSkybox":false,"showFlares":true,"showImageEffects":true,"showParticleSystems":true,"showVisualEffectGraphs":true,"m_FxEnabled":true},"in2DMode":false,"pivot":{"x":0.025579694658517839,"y":-0.001024089753627777,"z":0.15938574075698853},"rotation":{"x":0.3743261396884918,"y":-0.6251336932182312,"z":-0.5003800988197327,"w":-0.46767136454582217},"size":0.2263260781764984,"orthographic":true}