{"cameraMode":{"drawMode":0,"name":"Shaded","section":"Shading Mode"},"sceneLighting":false,"audioPlay":false,"sceneViewState":{"showFog":true,"showMaterialUpdate":false,"showSkybox":false,"showFlares":true,"showImageEffects":true,"showParticleSystems":true,"showVisualEffectGraphs":true,"m_FxEnabled":true},"in2DMode":false,"pivot":{"x":-0.5690100193023682,"y":-0.5396449565887451,"z":1.4333537817001343},"rotation":{"x":0.13560804724693299,"y":-0.21890980005264283,"z":0.030737560242414476,"w":0.9657870531082153},"size":0.8678810000419617,"orthographic":false}