{"cameraMode":{"drawMode":0,"name":"Shaded","section":"Shading Mode"},"sceneLighting":false,"audioPlay":false,"sceneViewState":{"showFog":true,"showMaterialUpdate":false,"showSkybox":false,"showFlares":true,"showImageEffects":true,"showParticleSystems":true,"showVisualEffectGraphs":true,"m_FxEnabled":true},"in2DMode":false,"pivot":{"x":-0.4325011968612671,"y":-0.28163135051727297,"z":1.2077046632766724},"rotation":{"x":0.17311513423919679,"y":-0.37482479214668276,"z":0.0714634507894516,"w":0.9079837799072266},"size":1.8650712966918946,"orthographic":false}