{"cameraMode":{"drawMode":0,"name":"Shaded","section":"Shading Mode"},"sceneLighting":false,"audioPlay":false,"sceneViewState":{"showFog":true,"showMaterialUpdate":false,"showSkybox":false,"showFlares":true,"showImageEffects":true,"showParticleSystems":true,"showVisualEffectGraphs":true,"m_FxEnabled":true},"in2DMode":false,"pivot":{"x":0.015608169138431549,"y":0.08598199486732483,"z":0.08636394143104553},"rotation":{"x":0.04964255541563034,"y":0.8241262435913086,"z":-0.07312621921300888,"w":0.5594683885574341},"size":0.24105194211006165,"orthographic":false}