{"cameraMode":{"drawMode":0,"name":"Shaded","section":"Shading Mode"},"sceneLighting":false,"audioPlay":false,"sceneViewState":{"showFog":true,"showMaterialUpdate":false,"showSkybox":false,"showFlares":true,"showImageEffects":true,"showParticleSystems":true,"showVisualEffectGraphs":true,"m_FxEnabled":true},"in2DMode":false,"pivot":{"x":0.021975940093398095,"y":0.05291071534156799,"z":0.1162588894367218},"rotation":{"x":0.08309297263622284,"y":-0.7226325869560242,"z":0.08823452889919281,"w":0.6805249452590942},"size":0.6521081924438477,"orthographic":true}